Title (Tab selection),First Name,Last Name,D.O.B,Marital Status (Tab selection),Email address,Mobile No.,Residential StatusÂ  (Tab selection),FLAT,HOUSENAME,HOUSENUMBER,STREET,DISTRICT,POSTTOWN,COUNTY,POSTCODE,Time at current address (has been changed to toggle for COAPI),Time at previous address (only if time at current address is less than 3 years),PA_ADDRESS_TYPE,PA_FLAT,PA_HOUSENAME,PA_HOUSENUMBER,PA_STREET,PA_DISTRICT,PA_POSTTOWN,PA_COUNTY,PA_POSTCODE,Employment status (Tab selection),Income,Essential living costs,Accomodation costs,No. of financial dependants,Sustainability Question (DO you expect your financial situation..),Immediate Cash withdrawal/Money transfer ,Bank Account Number,Sort code,Other household income/Partner's income,Initial Spend,Full Address,username,password
MRS,LOUISE,AAKHTAR,8/14/1994,M,,,O,FLAT 1/1,,33.0,ARGYLE STREET,,LOSSIEMOUTH,MORAYSHIRE,IV316AP,506,,,,,,,,,,,E,65000,1000,500,2,N,N,12345677,4,12000,400,"FLAT 1/1 33.0 ARGYLE STREET, IV316AP LOSSIEMOUTH MORAYSHIRE",louiseaakhtar,Xd8zA238SuDr
MISS,KELLIE,ABBASI,11/21/1998,S,,,J,,,1.0,DRAKE ROAD,,LEE ON THE SOLENT,HANTS,PO139NS,507,,,,,,,,,,,N,65000,1000,500,2,N,N,12345677,4,12000,400,"1.0 DRAKE ROAD, PO139NS LEE ON THE SOLENT HANTS",kellieabbasi,whUXO1FaSOfx
MR,ANDREW,ABBOTT,7/14/1969,D,,,F,,ARDGOWAN HOUSE,,ACHANDUNIE,ARDROSS,ALNESS,ROSSSHIRE,IV170YB,203,500.0,T,FLAT C41,HERBAL HILL GARDENS,3.0,BALNACOUL ROAD,MOSSTODLOCH,FOCHABERS,MORAYSHIRE,IV327LP,S,65000,1000,500,2,N,N,12345677,4,12000,400,"ARDGOWAN HOUSE, ACHANDUNIE, ARDROSS, IV170YB ALNESS ROSSSHIRE",andrewabbott,xnEIXSCnXKj0
MR,LAURENCE,ABBOTT,4/6/1982,W,,,U,,,3.0,ARLECDON PARKS ROAD,ARLECDON,FRIZINGTON,CUMBRIA,CA263XG,501,,,,,,,,,,,H,65000,1000,500,2,N,N,12345677,4,12000,400,"3.0 ARLECDON PARKS ROAD, ARLECDON, CA263XG FRIZINGTON CUMBRIA",laurenceabbott,Kd8KOfDnac9h
MR,ALLAN,ABDUL,2/14/1986,C,,,C,,,1.0,CARNEBY HOUSE,THE ESPLANADE,FRINTON ON SEA,ESSEX,CO139HJ,602,,,,,,,,,,,R,65000,1000,500,2,N,Y,12345677,4,12000,400,"1.0 CARNEBY HOUSE, THE ESPLANADE, CO139HJ FRINTON ON SEA ESSEX",allanabdul,yX7uwbwORoKo
MR,RICHARD,ABDUL,5/14/1967,X,,,S,,,1.0,ABBOTS DRIVE,ABBOTSWOOD,BALLASALLA,I O M,IM9 3EB,103,306.0,O,FLAT 801,LANDMARK HEIGHTS,1.0,CLIFTON MANSIONS,CLIFTON ROAD,FOLKESTONE,KENT,CT202EJ,U,65000,1000,500,2,N,N,12345677,4,12000,400,"1.0 ABBOTS DRIVE, ABBOTSWOOD, IM9 3EB BALLASALLA I O M",richardabdul,qZXMhlNFXkIF
MRS,JOAN,ABDULAZIZ,4/3/1961,Z,,,P,,,1.0,BIRCH PARK,COALWAY,COLEFORD,GLOS,GL167RU,804,,,,,,,,,,,X,65000,1000,500,2,N,N,12345677,4,12000,400,"1.0 BIRCH PARK, COALWAY, GL167RU COLEFORD GLOS",joanabdulaziz,zQEKOrEIvUGb
MRS,PETRA,ABDULLAHY,7/29/1982,Q,,,T,,,3.0,ABERY STREET,,LONDON SE18,,SE181DB,905,,,,,,,,,,,Z,65000,1000,500,2,N,N,12345677,4,12000,400,"3.0 ABERY STREET, SE181DB LONDON SE18 ",petraabdullahy,Y6Q5zykv9wk8
MR,TOM,ABDULLAHY,12/17/1977,M,,,X,,,1.0,ANDREW TERRACE,LLANHILLETH,ABERTILLERY,GWENT,NP132JL,1006,,,,,,,,,,,E,65000,1000,500,2,N,N,12345677,4,12000,400,"1.0 ANDREW TERRACE, LLANHILLETH, NP132JL ABERTILLERY GWENT",tomabdullahy,uZIioKch4pnq
MRS,CHARLOTTE,ABDUL-SALAM,1/10/1954,S,,,O,FLAT 6,AN NANIAN,1.0,ABINGER GARDENS,,ISLEWORTH,MIDDX,TW7 6LG,207,400.0,T,FLAT A,EASTEN PARADISE,1.0,BEECH COTTAGE,FORGE HILL,LYDBROOK,GLOS,GL179QS,N,65000,1000,500,2,N,N,12345677,4,12000,400,"FLAT 6 1.0 AN NANIAN, ABINGER GARDENS, TW7 6LG ISLEWORTH MIDDX",charlotteabdul-salam,oGKVxpG4K9la
MR,DOUGLAS,ABDUL-SALAM,1/8/1969,D,,,J,,,1.0,HILL STREET,NORTH TOLSTA,ISLE OF LEWIS,ISLE OF LEWIS,HS2 0NG,1208,,,,,,,,,,,S,65000,1000,500,2,N,Y,12345677,4,12000,400,"1.0 HILL STREET, NORTH TOLSTA, HS2 0NG ISLE OF LEWIS ISLE OF LEWIS",douglasabdul-salam,mCxMV4PKnppQ
MRS,KAREN,ABEDDANDACHE,8/24/1983,W,,,F,,,1.0,ABBEYFIELD HOUSE,CHURCH ROAD,COWES,I O W,PO318HA,1309,,,,,,,,,,,H,65000,1000,500,2,N,N,12345677,4,12000,400,"1.0 ABBEYFIELD HOUSE, CHURCH ROAD, PO318HA COWES I O W",karenabeddandache,VtgTMZpeadPj
MR,CATHRYN,ABEL,9/6/1966,C,,,U,,,8.0,MERSEY ROAD,,LIVERPOOL,MERSEYSIDE,L23 3AG,1410,,,,,,,,,,,R,65000,1000,500,2,N,N,12345677,4,12000,400,"8.0 MERSEY ROAD, L23 3AG LIVERPOOL MERSEYSIDE",cathrynabel,sXWcZ816jwnd
MR,ANTHONY,ABERCROMBIE,4/19/1965,X,,,C,,1A,,ALBION ROAD,,CHRISTCHURCH,DORSET,BH232JG,1511,,,,,,,,,,,U,65000,1000,500,2,N,N,12345677,4,12000,400,"1A, ALBION ROAD, BH232JG CHRISTCHURCH DORSET",anthonyabercrombie,4sPTDVHlmP7S
MR,JAMES,ABERCROMBIE,5/28/1995,Z,,,S,,,3.0,ADDISON ROAD,,HOVE,EAST SUSSEX,BN3 1TN,1612,,,,,,,,,,,X,65000,1000,500,2,N,N,12345677,4,12000,400,"3.0 ADDISON ROAD, BN3 1TN HOVE EAST SUSSEX",jamesabercrombie,6ssNC50OTno6
MRS,KAREN,ABERCROMBIE,10/9/1988,Q,,,P,,,1.0,ABERGELDIE ROAD,,LONDON SE12,,SE128BH,501,,,,,,,,,,,Z,65000,1000,500,2,Y,N,12345677,4,12000,400,"1.0 ABERGELDIE ROAD, SE128BH LONDON SE12 ",karenabercrombie,JqaEJDHANN1i
MRS,NICOLA,ABERCROMBIE,2/3/1988,M,,,T,,,1.0,BAY VIEW TERRACE,CLYNNOGFAWR,CAERNARVON,GWYNEDD,LL545PS,602,,,,,,,,,,,E,65000,1000,500,2,N,N,12345677,4,12000,400,"1.0 BAY VIEW TERRACE, CLYNNOGFAWR, LL545PS CAERNARVON GWYNEDD",nicolaabercrombie,OkTJItvmWGx7
MR,SIMON,ABERCROMBIE,9/5/1988,S,,,X,,0001GROUND FLOOR FLA,,ALBERT COURT,,BOSTON,LINCS,PE218NU,703,,,,,,,,,,,N,65000,1000,500,2,N,Y,12345677,4,12000,400,"0001GROUND FLOOR FLA, ALBERT COURT, PE218NU BOSTON LINCS",simonabercrombie,AKGcbE9fBYTM
MR,STEVEN,ABERCROMBIE,7/26/1963,D,,,O,,,1.0,BELLE VUE,,LLANFECHAIN,POWYS,SY226UN,804,,,,,,,,,,,S,65000,1000,500,2,N,N,12345677,4,12000,400,"1.0 BELLE VUE, SY226UN LLANFECHAIN POWYS",stevenabercrombie,ipngH33w2tSy
MS,EVELYN,ABERNETHY,8/18/1968,W,,,J,,,15.0,ARGYLE PLACE,,LONDON W6,,W6  0RQ,905,,,,,,,,,,,H,65000,1000,500,2,Y,N,12345677,4,12000,400,"15.0 ARGYLE PLACE, W6  0RQ LONDON W6 ",evelynabernethy,Vl3ICxu3TJkI
MS,BETTY,ABID,9/2/1965,C,,,F,,,1.0,ABBERLEY DRIVE,,DROITWICH,WORCS,WR9 8NY,1006,,,,,,,,,,,R,65000,1000,500,2,N,N,12345677,4,12000,400,"1.0 ABBERLEY DRIVE, WR9 8NY DROITWICH WORCS",bettyabid,IsG0bWcQcDgR
MR,FRANK,ABIGNALE,8/23/1981,X,,,U,,,1.0,CLOS TYNIAD GLO,,BARRY,SOUTH GLAMORGAN,CF634QQ,1107,,,,,,,,,,,U,65000,1000,500,2,N,N,12345677,4,12000,400,"1.0 CLOS TYNIAD GLO, CF634QQ BARRY SOUTH GLAMORGAN",frankabignale,kKA4KEkoIzWa
MR,JOHN,ABLETT,6/14/1991,Z,,,C,,,2.0,AKEMAN COURT,CRICKLADE STREET,CIRENCESTER,GLOS,GL7 1LL,1208,,,,,,,,,,,X,65000,1000,500,2,N,N,12345677,4,12000,400,"2.0 AKEMAN COURT, CRICKLADE STREET, GL7 1LL CIRENCESTER GLOS",johnablett,hY275KLsvK5o
MS,KRISNA,ABLIAN SORSGANI,5/10/1964,Q,,,S,,,1.0,ARDFARNAL,CRAIGHOUSE,CRAIGHOUSE,ISLE OF JURA,PA607XZ,1309,,,,,,,,,,,Z,65000,1000,500,2,Y,N,12345677,4,12000,400,"1.0 ARDFARNAL, CRAIGHOUSE, PA607XZ CRAIGHOUSE ISLE OF JURA",krisnaablian sorsgani,rDB3Hcho9Wjw
MISS,ALICE,ABRAHAM,3/24/2001,M,,,P,,,1.0,ANNIVERSARY MEWS,TRUELOVES LANE,INGATESTONE,ESSEX,CM4 0NQ,1410,,,,,,,,,,,E,65000,1000,500,2,N,N,12345677,4,12000,400,"1.0 ANNIVERSARY MEWS, TRUELOVES LANE, CM4 0NQ INGATESTONE ESSEX",aliceabraham,hAeX8HHLy31x
MR,JOSE COSTA,ABRAHAMS,7/20/1989,S,,,T,,,1.0,ALLINGHAM COURT,SUMMERS ROAD,GODALMING,SURREY,GU7 3AW,1511,,,,,,,,,,,N,65000,1000,500,2,N,N,12345677,4,12000,400,"1.0 ALLINGHAM COURT, SUMMERS ROAD, GU7 3AW GODALMING SURREY",jose costaabrahams,o4cWs8rOgFzJ
MR,PETER,ABRAHIM,5/14/1961,D,,,X,,,1.0,OSBORNE COURT,,PRESTONPANS,,EH320JS,1612,,,,,,,,,,,S,65000,1000,500,2,N,Y,12345677,4,12000,400,"1.0 OSBORNE COURT, EH320JS PRESTONPANS ",peterabrahim,zqQ27C5HMEtW
MR,MARCOS,ABREU,10/20/1996,W,,,O,,,2.0,AVILS HILL,,KILBIRNIE,AYRSHIRE,KA256BN,501,,,,,,,,,,,H,65000,1000,500,2,N,N,12345677,4,12000,400,"2.0 AVILS HILL, KA256BN KILBIRNIE AYRSHIRE",marcosabreu,BF8qBgjGsJW0
MR,ALAN,ABU-JABIR,1/7/1982,C,,,J,,,1.0,APPIN PLACE,,ABERFELDY,PERTHSHIRE,PH152AH,602,,,,,,,,,,,R,65000,1000,500,2,Y,N,12345677,4,12000,400,"1.0 APPIN PLACE, PH152AH ABERFELDY PERTHSHIRE",alanabu-jabir,mmRWNmm5ZjER
MR,DAVID,ABU-JABIR,5/25/1969,X,,,F,,,15.0,BLINKBONNY ROAD,,CURRIE,MIDLOTHIAN,EH146AE,703,,,,,,,,,,,U,65000,1000,500,2,N,N,12345677,4,12000,400,"15.0 BLINKBONNY ROAD, EH146AE CURRIE MIDLOTHIAN",davidabu-jabir,WBYsr1owLa8v
MRS,DIANA,ABU-JABIR,8/13/1962,Z,,,U,,,1.0,MORFA MAWR,,LLANBEDR,GWYNEDD,LL452EQ,804,,,,,,,,,,,X,65000,1000,500,2,N,N,12345677,4,12000,400,"1.0 MORFA MAWR, LL452EQ LLANBEDR GWYNEDD",dianaabu-jabir,FBJH2Ug5r1Vy
MRS,LYNDA,ABU-JABIR,3/31/1966,Q,,,C,,,1.0,ABERDEEN TERRACE,,LONDON SE3,,SE3 0QX,905,,,,,,,,,,,Z,65000,1000,500,2,N,N,12345677,4,12000,400,"1.0 ABERDEEN TERRACE, SE3 0QX LONDON SE3 ",lyndaabu-jabir,x8YR475eyYes
MR,ROBERT,ABU-JABIR,9/13/1980,M,,,S,FLAT 1F2,THE KILN,,BLACK WYCHEND,MUCH COWARNE,BROMYARD,HEREFORDSHIRE,HR7 4JG,1006,,,,,,,,,,,E,65000,1000,500,2,N,N,12345677,4,12000,400,"FLAT 1F2 THE KILN, BLACK WYCHEND, MUCH COWARNE, HR7 4JG BROMYARD HEREFORDSHIRE",robertabu-jabir,jjBCBrDkszfF
MR,WILLIAM,ABU-JABIR,4/17/1959,S,,,P,,ANDERMATT,1.0,BEVERLEY CLOSE,,LONDON SW13,,SW130EH,1107,,,,,,,,,,,N,65000,1000,500,2,N,N,12345677,4,12000,400,"1.0 ANDERMATT, BEVERLEY CLOSE, SW130EH LONDON SW13 ",williamabu-jabir,9SWZIeacHXiG
MR,BRIAN,ACHEAMPONG,9/11/1994,D,,,T,,,1.0,WOODSIDE,,ISLE OF GIGHA,ISLE OF GIGHA,PA417AD,1208,,,,,,,,,,,S,65000,1000,500,2,Y,N,12345677,4,12000,400,"1.0 WOODSIDE, PA417AD ISLE OF GIGHA ISLE OF GIGHA",brianacheampong,lixgQPQtSgc3
MR,ADAM,ACKMER,3/18/1995,W,,,X,,,1.0,BALBIRNIE AVENUE,MARKINCH,GLENROTHES,FIFE,KY7 6BS,1309,,,,,,,,,,,H,65000,1000,500,2,N,N,12345677,4,12000,400,"1.0 BALBIRNIE AVENUE, MARKINCH, KY7 6BS GLENROTHES FIFE",adamackmer,yy7FlbHRhT2F
MRS,BEATRICE,ACKMER,12/30/1937,C,,,O,,,1.0,ADMIRAL COURT,BARTON CLOSE,LONDON NW4,,NW4 4QD,1410,,,,,,,,,,,R,65000,1000,500,2,N,N,12345677,4,12000,400,"1.0 ADMIRAL COURT, BARTON CLOSE, NW4 4QD LONDON NW4 ",beatriceackmer,mbDGWTnQ6QiB
MRS,CAROL,ACKMER,5/25/1962,X,,,J,FLAT 5,COACH HOUSE,,BETCHWORTH LODGE,PEBBLEHILL ROAD,BETCHWORTH,SURREY,RH3 7BW,1511,,,,,,,,,,,U,65000,1000,500,2,N,N,12345677,4,12000,400,"FLAT 5 COACH HOUSE, BETCHWORTH LODGE, PEBBLEHILL ROAD, RH3 7BW BETCHWORTH SURREY",carolackmer,G2tJoITwQLLG
MRS,RUPAL,ACOTT,12/18/1985,Z,,,F,,,1.0,CRAIGIE AVENUE,,BOAT OF GARTEN,INVERNESSSHIRE,PH243BL,1612,,,,,,,,,,,X,65000,1000,500,2,N,Y,12345677,4,12000,400,"1.0 CRAIGIE AVENUE, PH243BL BOAT OF GARTEN INVERNESSSHIRE",rupalacott,J5pd3MtM9KRx
MR,PETER,ADABERTO,1/25/1980,Q,,,U,,,1.0,CHILTON COURT,DOVER ROAD,FOLKESTONE,KENT,CT201NR,501,,,,,,,,,,,Z,65000,1000,500,2,N,N,12345677,4,12000,400,"1.0 CHILTON COURT, DOVER ROAD, CT201NR FOLKESTONE KENT",peteradaberto,swUvFqmzPUuz
MR,CAMPBELL,ADAMS,6/16/1975,M,,,C,,,700.0,ACADEMY PLACE,,DOLLAR,CLACKMANNANSHIRE,FK147DZ,602,,,,,,,,,,,E,65000,1000,500,2,N,N,12345677,4,12000,400,"700.0 ACADEMY PLACE, FK147DZ DOLLAR CLACKMANNANSHIRE",campbelladams,w1zOUODotfbl
MR,CURIE,ADAMS,10/10/1966,S,,,S,,,6013.0,ALMA ROAD,,COLNE,LANCS,BB87JJ,703,,,,,,,,,,,N,65000,1000,500,2,N,N,12345677,4,12000,400,"6013.0 ALMA ROAD, BB87JJ COLNE LANCS",curieadams,Z4l1s8PphOkW
MR,JASON,ADAMS,7/7/1963,D,,,P,,,2.0,BRIDGE STREET,,CEMAES BAY,GWYNEDD,LL670NN,804,,,,,,,,,,,S,65000,1000,500,2,N,N,12345677,4,12000,400,"2.0 BRIDGE STREET, LL670NN CEMAES BAY GWYNEDD",jasonadams,xD66EpDmxrU7
